ЦВЕТ;Белое
ЦВЕТ;Белое
ЦВЕТ;Белое
ЦВЕТ;белое
ЦВЕТ;Белое
ЦВЕТ;белое
ЦВЕТ;Белое
ЦВЕТ;белое
ЦВЕТ;белое
ЦВЕТ;Белый
ЦВЕТ;Розовое
ЦВЕТ;Розовое
ЦВЕТ;Розовое
ЦВЕТ;розовое
ЦВЕТ;Розовое
ЦВЕТ;розовое
ЦВЕТ;Розовое
ЦВЕТ;розовое
ЦВЕТ;розовое
ЦВЕТ;Розовый
;
Объем;0.7 л.
Объем;0.7
Объем;0.7 л
Объем;0,7 л.
;
Бренд/Производитель (здесь много вариаций, пример на одном бренде);Macallan
Бренд/Производитель (здесь много вариаций, пример на одном бренде);Macallan
Бренд/Производитель (здесь много вариаций, пример на одном бренде);Macallan
Бренд/Производитель (здесь много вариаций, пример на одном бренде);Macallan
Бренд/Производитель (здесь много вариаций, пример на одном бренде);MACALLAN
Бренд/Производитель (здесь много вариаций, пример на одном бренде);Macallan
Бренд/Производитель (здесь много вариаций, пример на одном бренде);MACALLAN
Бренд/Производитель (здесь много вариаций, пример на одном бренде);Macallan
Бренд/Производитель (здесь много вариаций, пример на одном бренде);Macallan, A Night on Earth
Бренд/Производитель (здесь много вариаций, пример на одном бренде);Macallan, A Night on Earth in Scotland
Бренд/Производитель (здесь много вариаций, пример на одном бренде);Macallan, Classic Cut
Бренд/Производитель (здесь много вариаций, пример на одном бренде);Macallan, Design Master of Photography
Бренд/Производитель (здесь много вариаций, пример на одном бренде);Macallan, Edition №5
Бренд/Производитель (здесь много вариаций, пример на одном бренде);Macallan, Edition №6
Бренд/Производитель (здесь много вариаций, пример на одном бренде);Macallan, Estate
Бренд/Производитель (здесь много вариаций, пример на одном бренде);Macallan, M
Бренд/Производитель (здесь много вариаций, пример на одном бренде);Macallan, №6
Бренд/Производитель (здесь много вариаций, пример на одном бренде);Macallan, Quest
Бренд/Производитель (здесь много вариаций, пример на одном бренде);Macallan, Reflexion
Бренд/Производитель (здесь много вариаций, пример на одном бренде);Macallan, The Harmony
Бренд/Производитель (здесь много вариаций, пример на одном бренде);Macallan, The Harmony Collection
Бренд/Производитель (здесь много вариаций, пример на одном бренде);The Macallan
